<mxfile host="Electron" agent="Mozilla/5.0 (Windows NT 10.0; Win64; x64) AppleWebKit/537.36 (KHTML, like Gecko) draw.io/26.0.16 Chrome/132.0.6834.196 Electron/34.2.0 Safari/537.36" version="26.0.16">
  <diagram name="Logout Page Layout" id="0">
    <mxGraphModel dx="780" dy="496" grid="1" gridSize="10" guides="1" tooltips="1" connect="1" arrows="1" fold="1" page="1" pageScale="1" pageWidth="850" pageHeight="1100" background="#FFFFFF" math="0" shadow="0">
      <root>
        <mxCell id="0" />
        <mxCell id="1" parent="0" />
        <mxCell id="2" value="Background: Linear Gradient" style="rounded=0;" parent="1" vertex="1">
          <mxGeometry width="850" height="600" as="geometry" />
        </mxCell>
        <mxCell id="3" value="Logout Box" style="rounded=1;" parent="1" vertex="1">
          <mxGeometry x="175" y="150" width="500" height="300" as="geometry" />
        </mxCell>
        <mxCell id="4" value="Successfully Logged Out" style="rounded=0;fontSize=20;fontStyle=1;" parent="3" vertex="1">
          <mxGeometry x="50" y="40" width="400" height="40" as="geometry" />
        </mxCell>
        <mxCell id="5" value="Thank you for managing BHARADVA&#39;s ClothStore." style="rounded=0;fontSize=14;" parent="3" vertex="1">
          <mxGeometry x="50" y="100" width="400" height="30" as="geometry" />
        </mxCell>
        <mxCell id="6" value="Login Again" style="rounded=1;fillColor=#ffffff;fontColor=#f97316;fontSize=14;" parent="3" vertex="1">
          <mxGeometry x="150" y="180" width="200" height="40" as="geometry" />
        </mxCell>
      </root>
    </mxGraphModel>
  </diagram>
</mxfile>
