<mxfile host="Electron" agent="Mozilla/5.0 (Windows NT 10.0; Win64; x64) AppleWebKit/537.36 (KHTML, like Gecko) draw.io/26.0.16 Chrome/132.0.6834.196 Electron/34.2.0 Safari/537.36" version="26.0.16">
  <diagram name="Admin Manage Orders Layout" id="0">
    <mxGraphModel dx="1040" dy="661" grid="0" gridSize="10" guides="1" tooltips="1" connect="1" arrows="1" fold="1" page="1" pageScale="1" pageWidth="850" pageHeight="1100" math="0" shadow="0">
      <root>
        <mxCell id="0" />
        <mxCell id="1" parent="0" />
        <mxCell id="2" value="Header: Admin Panel" style="rounded=1;fillColor=#1e293b;fontColor=#ffffff;fontSize=16;" parent="1" vertex="1">
          <mxGeometry x="20" y="20" width="810" height="60" as="geometry" />
        </mxCell>
        <mxCell id="3" value="Nav: Dashboard | Products | Orders | Users | Reports | Logout" style="rounded=0;fillColor=#1e293b;fontColor=#ffffff;" parent="1" vertex="1">
          <mxGeometry x="40" y="30" width="770" height="30" as="geometry" />
        </mxCell>
        <mxCell id="4" value="Manage Orders" style="rounded=1;fontSize=16;fillColor=#f5f5f5;fontColor=#333333;strokeColor=#666666;" parent="1" vertex="1">
          <mxGeometry x="20" y="100" width="810" height="40" as="geometry" />
        </mxCell>
        <mxCell id="5" value="Orders Table" style="rounded=1;" parent="1" vertex="1">
          <mxGeometry x="20" y="160" width="810" height="300" as="geometry" />
        </mxCell>
        <mxCell id="6" value="#1001 | Rahul Patel | Men’s Formal Shirt | ₹899 | 2025-10-05 | Pending" style="rounded=1;" parent="5" vertex="1">
          <mxGeometry x="10" y="10" width="790" height="60" as="geometry" />
        </mxCell>
        <mxCell id="7" value="#1002 | Priya Sharma | Stylish Kurti | ₹1199 | 2025-10-06 | Shipped" style="rounded=1;" parent="5" vertex="1">
          <mxGeometry x="10" y="80" width="790" height="60" as="geometry" />
        </mxCell>
        <mxCell id="8" value="#1003 | Amit Joshi | Casual Jacket | ₹1599 | 2025-10-07 | Delivered" style="rounded=1;" parent="5" vertex="1">
          <mxGeometry x="10" y="150" width="790" height="60" as="geometry" />
        </mxCell>
        <mxCell id="9" value="#1004 | Neha Desai | Women’s Dress | ₹1799 | 2025-10-08 | Cancelled" style="rounded=1;" parent="5" vertex="1">
          <mxGeometry x="10" y="220" width="790" height="60" as="geometry" />
        </mxCell>
        <mxCell id="10" value="Footer" style="rounded=1;fillColor=#1e293b;fontColor=#ffffff;" parent="1" vertex="1">
          <mxGeometry x="20" y="480" width="810" height="50" as="geometry" />
        </mxCell>
      </root>
    </mxGraphModel>
  </diagram>
</mxfile>
