<mxfile host="Electron" agent="Mozilla/5.0 (Windows NT 10.0; Win64; x64) AppleWebKit/537.36 (KHTML, like Gecko) draw.io/26.0.16 Chrome/132.0.6834.196 Electron/34.2.0 Safari/537.36" version="26.0.16">
  <diagram name="Admin Dashboard Layout" id="0">
    <mxGraphModel dx="1200" dy="763" grid="0" gridSize="10" guides="1" tooltips="1" connect="1" arrows="1" fold="1" page="1" pageScale="1" pageWidth="850" pageHeight="1100" math="0" shadow="0">
      <root>
        <mxCell id="0" />
        <mxCell id="1" parent="0" />
        <mxCell id="2" value="Header: Admin Dashboard" style="rounded=1;fillColor=#1e293b;fontColor=#ffffff;fontSize=16;" parent="1" vertex="1">
          <mxGeometry x="20" y="20" width="810" height="60" as="geometry" />
        </mxCell>
        <mxCell id="3" value="Nav: Dashboard | Products | Orders | Users | Reports | Logout" style="rounded=0;fillColor=#1e293b;fontColor=#ffffff;" parent="1" vertex="1">
          <mxGeometry x="40" y="30" width="770" height="30" as="geometry" />
        </mxCell>
        <mxCell id="4" value="Total Products" style="rounded=1;fillColor=#ffffff;strokeColor=#f97316;" parent="1" vertex="1">
          <mxGeometry x="20" y="100" width="240" height="120" as="geometry" />
        </mxCell>
        <mxCell id="5" value="Total Orders" style="rounded=1;fillColor=#ffffff;strokeColor=#f97316;" parent="1" vertex="1">
          <mxGeometry x="280" y="100" width="240" height="120" as="geometry" />
        </mxCell>
        <mxCell id="6" value="Registered Users" style="rounded=1;fillColor=#ffffff;strokeColor=#f97316;" parent="1" vertex="1">
          <mxGeometry x="540" y="100" width="240" height="120" as="geometry" />
        </mxCell>
        <mxCell id="7" value="Sales Reports" style="rounded=1;fillColor=#ffffff;strokeColor=#f97316;" parent="1" vertex="1">
          <mxGeometry x="150" y="240" width="240" height="120" as="geometry" />
        </mxCell>
        <mxCell id="8" value="Settings" style="rounded=1;fillColor=#ffffff;strokeColor=#f97316;" parent="1" vertex="1">
          <mxGeometry x="410" y="240" width="240" height="120" as="geometry" />
        </mxCell>
        <mxCell id="9" value="Footer" style="rounded=1;fillColor=#1e293b;fontColor=#ffffff;" parent="1" vertex="1">
          <mxGeometry x="20" y="400" width="810" height="50" as="geometry" />
        </mxCell>
      </root>
    </mxGraphModel>
  </diagram>
</mxfile>
